Rk;Player;Pos;Age;Tm;G;GS;MP;FG;FGA;FG%;3P;3PA;3P%;2P;2PA;2P%;eFG%;FT;FTA;FT%;ORB;DRB;TRB;AST;STL;BLK;TOV;PF;PTS
1;Precious Achiuwa;PF;24;NYK;9;2;20.;02.;04.;0.488;0;0.3;0;02.;04.;0.525;0.488;0.6;01.;0.385;02.;01.;04.;0.6;0.4;01.;0.4;02.;05.
2;Bam Adebayo;C;26;MIA;5;5;38.4;09.;19.;0.495;0.4;2;0.2;09.;17.;0.529;0.505;3;04.;0.714;02.;07.;09.;03.;0.4;0;01.;3;22.
3;Nickeil Alexander-Walker;SG;25;MIN;16;1;23.;02.;7;0.366;01.;05.;0.296;01.;01.;0.548;0.473;0.6;0.6;1;0.3;01.;01.;02.;0.6;0.4;0.9;01.;07.
4;Grayson Allen;SG;28;PHO;2;2;21.;0.5;02.;0.2;0.5;02.;0.2;0;0;0;0.3;2;2;1;1;3;4;1;0.5;0;01.;2;03.
5;Jarrett Allen;C;25;CLE;4;4;31.;06.;09.;0.676;0;0;0;06.;09.;0.676;0.676;04.;06.;0.692;03.;10;13.;01.;01.;1;01.;2;17
6;Jose Alvarado;PG;25;NOP;4;0;15.;0.8;5;0.15;0.3;03.;0.071;0.5;01.;0.333;0.175;0;0;0;0;1;1;02.;01.;0.3;1;0.8;01.
7;Kyle Anderson;PF;30;MIN;15;1;15.;01.;03.;0.456;0.1;0.5;0.25;01.;03.;0.49;0.474;0.7;0.8;0.833;01.;01.;02.;02.;0.7;0.3;0.7;01.;04.
8;Thanasis Antetokounmpo;PF;31;MIL;2;0;02.;0;0;0;0;0;0;0;0;0;0;0;0;0;0;0;0;0;0.5;0.5;0;0.5;0
9;Cole Anthony;PG;23;ORL;7;0;14.;01.;05.;0.317;0.3;01.;0.154;01.;4;0.393;0.341;01.;01.;0.889;0.3;01.;02.;01.;0.6;0.1;0.7;02.;05.
10;OG Anunoby;SF;26;NYK;9;9;36;06.;12.;0.505;01.;04.;0.41;04.;8;0.556;0.577;0.9;01.;0.615;0.8;05.;6;01.;0.9;1;01.;01.;15.
11;Paolo Banchero;PF;21;ORL;7;7;37.4;09.;21.;0.456;02.;05.;0.4;07.;15.;0.477;0.51;05.;7;0.755;2;06.;08.;4;01.;0.6;04.;2;27
12;Nicolas Batum;PF;35;PHI;6;0;28.;2;04.;0.414;01.;03.;0.409;0.5;01.;0.429;0.569;0.8;01.;0.625;01.;04.;05.;01.;0.2;0.8;0.8;02.;06.
13;Bradley Beal;SG;30;PHO;4;4;38.5;06.;14.;0.441;02.;05.;0.435;4;9;0.444;0.525;1;01.;0.8;01.;01.;02.;04.;0.8;0.3;03.;03.;16.
14;Malik Beasley;SG;27;MIL;6;2;21.;03.;06.;0.512;01.;04.;0.44;01.;02.;0.625;0.646;0;0;0;0.2;02.;02.;0.7;0.7;0;0.5;01.;08.
15;MarJon Beauchamp;SF;23;MIL;4;0;02.;0.3;1;0.25;0;0.5;0;0.3;0.5;0.5;0.25;0.3;0.5;0.5;0;0.3;0.3;0.5;0;0;0.3;0.3;0.8
16;Patrick Beverley;PG;35;MIL;6;6;35;02.;06.;0.41;0.7;01.;0.364;2;04.;0.429;0.462;02.;02.;0.867;0.7;02.;03.;05.;1;0.7;1;02.;08.
17;Goga Bitadze;C;24;ORL;2;0;5;0;1;0;0;0;0;0;1;0;0;0;0;0;0.5;1;01.;1;0;0;0.5;0;0
18;Anthony Black;PG;20;ORL;2;0;05.;01.;03.;0.429;0;1;0;01.;02.;0.6;0.429;0;0;0;0.5;0.5;1;1;0.5;0;0.5;0.5;3
19;Bojan Bogdanovi?;SF;34;NYK;4;0;12.;01.;6;0.292;01.;03.;0.4;0.3;02.;0.111;0.417;1;01.;0.571;0.3;02.;3;1;0;0.3;0.3;0.8;6
20;Bol Bol;PF;24;PHO;3;0;04.;0.3;1;0.333;0;0;0;0.3;1;0.333;0.333;0;0;0;0;01.;01.;0;0.3;0;0;0.7;0.7
21;Devin Booker;PG;27;PHO;4;4;41.5;8;16.;0.492;01.;5;0.35;06.;11.;0.556;0.546;09.;10.;0.951;0.3;3;03.;6;01.;0.3;02.;04.;27.
22;Brandon Boston Jr.;SF;22;LAC;3;0;03.;0.7;01.;0.5;0;0;0;0.7;01.;0.5;0.5;0.3;0.7;0.5;0.3;0.3;0.7;0.3;0;0;0;0.7;01.
23;Christian Braun;SG;22;DEN;12;0;17;01.;04.;0.426;0.3;01.;0.222;01.;3;0.528;0.463;0.9;01.;0.688;0.8;01.;02.;0.8;0.2;0.4;0.1;01.;05.
24;Oshae Brissett;SF;25;BOS;10;0;05.;0.6;01.;0.545;0.2;0.2;1;0.4;0.9;0.444;0.636;0.2;0.4;0.5;0.3;01.;01.;0;0.3;0.2;0.1;0.2;01.
25;Jaylen Brown;SF;27;BOS;19;19;37.2;09.;17.;0.516;01.;05.;0.327;07.;12.;0.607;0.569;03.;05.;0.66;01.;04.;05.;03.;01.;0.6;02.;02.;23.
26;Kendall Brown;SG;20;IND;7;0;03.;0.3;0.9;0.333;0;0;0;0.3;0.9;0.333;0.333;0;0;0;0;0.4;0.4;0.3;0;0.1;0.4;0.3;0.6
27;Kobe Brown;PF;24;LAC;3;0;03.;0;0;0;0;0;0;0;0;0;0;0;0;0;0.3;0.3;0.7;0;0;0;0;0.3;0
28;Jalen Brunson;PG;27;NYK;13;13;39.8;11.;26.;0.444;2;06.;0.31;09.;19.;0.488;0.482;07.;09.;0.775;0.6;02.;03.;07.;0.8;0.2;02.;2;32.4
29;Thomas Bryant;C;26;MIA;2;0;9;02.;03.;0.714;0;1;0;02.;02.;1;0.714;1;01.;0.667;1;01.;02.;0.5;0;0;1;0.5;6
30;Alec Burks;SG;32;NYK;6;0;20.;04.;08.;0.5;2;04.;0.429;02.;03.;0.591;0.62;04.;05.;0.844;0.7;02.;03.;1;0.2;0.2;0;1;14.
31;Kentavious Caldwell-Pope;SG;30;DEN;12;12;35;02.;07.;0.395;01.;04.;0.327;01.;02.;0.516;0.5;0.9;0.9;1;0.4;02.;02.;02.;01.;0.4;0.8;03.;08.
32;Wendell Carter Jr.;C;24;ORL;7;5;26.;02.;06.;0.404;1;03.;0.28;01.;03.;0.545;0.479;01.;01.;0.727;01.;5;06.;01.;0.7;0.6;0.7;02.;07.
33;Amir Coffey;SF;26;LAC;6;3;18.;01.;03.;0.318;0.5;01.;0.273;0.7;01.;0.364;0.386;0;0;0;0.3;01.;01.;0.3;0.3;0.2;0.8;1;02.
34;Mike Conley;PG;36;MIN;15;15;31.6;04.;09.;0.428;2;05.;0.395;02.;04.;0.464;0.531;01.;01.;0.714;0.7;03.;03.;05.;01.;0.2;01.;02.;11.
35;Pat Connaughton;SF;31;MIL;6;0;20.;01.;04.;0.44;0.5;01.;0.273;01.;02.;0.571;0.5;0.3;0.3;1;0.5;03.;03.;02.;1;0.2;0.5;1;04.
36;Jae Crowder;PF;33;MIL;4;0;10.;0.8;3;0.25;0.3;01.;0.143;0.5;01.;0.4;0.292;0.5;0.5;1;0.5;1;01.;0.5;0;0.5;0;1;02.
37;Dyson Daniels;PG;20;NOP;3;0;05.;0.7;2;0.333;0;0.7;0;0.7;01.;0.5;0.333;0;0;0;0;0.7;0.7;0;0.7;0;0.3;0;01.
38;Anthony Davis;C;30;LAL;5;5;41.6;11.;18.;0.634;0;1;0;11.;17.;0.67;0.634;04.;05.;0.808;3;12.;15.;4;0.4;01.;02.;03.;27.
39;Mamadi Diakite;PF;27;NYK;4;0;03.;0;0.8;0;0;0.5;0;0;0.3;0;0;0.5;0.5;1;0;0.8;0.8;0.3;0.3;0.3;0.3;0.8;0.5
40;Ousmane Dieng;PF;20;OKC;4;0;01.;0.3;0.5;0.5;0;0.3;0;0.3;0.3;1;0.5;0;0;0;0;0;0;0;0;0;0;0;0.5
41;Spencer Dinwiddie;PG;30;LAL;5;0;14.;1;02.;0.357;0.4;01.;0.25;0.6;01.;0.5;0.429;0.6;01.;0.5;0.2;01.;01.;01.;0.4;0.2;0.2;01.;3
42;Donte DiVincenzo;SG;27;NYK;13;13;35.8;06.;14.;0.419;03.;08.;0.425;02.;06.;0.412;0.537;2;02.;0.867;1;3;4;02.;01.;0.9;01.;02.;17.
43;Luka Don?i?;PG;24;DAL;22;22;40.9;10.;22.;0.446;03.;09.;0.322;07.;13.;0.536;0.514;05.;7;0.765;0.7;08.;09.;08.;01.;0.4;04.;02.;28.
44;Luguentz Dort;SF;24;OKC;10;10;35;03.;09.;0.363;02.;06.;0.391;0.8;02.;0.296;0.5;01.;01.;0.842;01.;02.;04.;2;01.;0.2;01.;04.;10.
45;Kevin Durant;PF;35;PHO;4;4;42;09.;16.;0.552;01.;3;0.417;8;13.;0.582;0.59;7;08.;0.824;0.3;06.;06.;03.;0.5;01.;02.;2;26.
46;Anthony Edwards;SG;22;MIN;16;16;40.6;09.;20.;0.481;02.;07.;0.4;06.;13.;0.526;0.552;05.;06.;0.814;01.;05.;7;06.;01.;0.6;03.;02.;27.
47;Joel Embiid;C;29;PHI;6;6;41.3;09.;22.;0.444;02.;06.;0.333;07.;15.;0.489;0.492;11.;13;0.859;03.;07.;10.;05.;01.;01.;04.;03.;33
48;Drew Eubanks;C;26;PHO;3;0;12.;02.;4;0.583;0;0;0;02.;4;0.583;0.583;1;1;1;0;01.;01.;0;0.7;0.3;0.7;2;05.
49;Dante Exum;PG;28;DAL;21;0;06.;0.8;02.;0.364;0.3;1;0.35;0.4;01.;0.375;0.443;0.2;0.3;0.667;0.1;0.7;0.8;0.6;0.1;0;0.2;0.4;2
50;Markelle Fultz;PG;25;ORL;7;0;15.;02.;04.;0.588;0;0.1;0;02.;04.;0.606;0.588;0.7;01.;0.556;1;1;2;01.;0.4;0;01.;01.;06.
51;Daniel Gafford;PF;25;DAL;22;22;20.;03.;05.;0.634;0;0;0;03.;05.;0.634;0.634;01.;3;0.631;01.;03.;05.;0.7;0.3;01.;0.9;01.;9
52;Danilo Gallinari;SF;35;MIL;3;0;12.;01.;02.;0.5;0;0.7;0;01.;2;0.667;0.5;1;01.;0.75;0.3;02.;3;0.7;0;0;0.3;0;03.
53;Darius Garland;PG;24;CLE;12;12;36;06.;14.;0.427;02.;05.;0.352;4;08.;0.48;0.5;01.;01.;0.81;0.1;03.;03.;05.;01.;0.2;02.;02.;15.
54;Luka Garza;C;25;MIN;7;0;03.;01.;01.;0.833;0.3;0.4;0.667;01.;01.;0.889;0.917;1;01.;0.875;0.3;0.6;0.9;0.1;0;0;0;0;04.
55;Paul George;PF;33;LAC;6;6;37;06.;15.;0.411;3;08.;0.367;03.;07.;0.457;0.505;03.;04.;0.84;0.5;06.;06.;04.;01.;0.5;02.;03.;19.
56;Josh Giddey;SG;21;OKC;10;8;18.;03.;07.;0.453;01.;03.;0.353;02.;04.;0.537;0.533;0.7;0.8;0.875;0.7;02.;03.;02.;0.2;0.4;01.;0.9;08.
57;Shai Gilgeous-Alexander;PG;25;OKC;10;10;39.9;11.;22.;0.496;01.;03.;0.432;09.;18.;0.508;0.531;06.;08.;0.79;0.8;06.;07.;06.;01.;01.;02.;03.;30.2
58;Rudy Gobert;C;31;MIN;15;15;34.1;04.;06.;0.615;0;0;0;04.;06.;0.615;0.615;03.;05.;0.671;02.;07.;09.;01.;0.9;1;01.;03.;12.
59;Aaron Gordon;PF;28;DEN;12;12;37.1;05.;09.;0.585;0.9;02.;0.407;04.;07.;0.637;0.631;01.;02.;0.821;3;04.;07.;04.;0.8;0.6;01.;02.;14.
60;Eric Gordon;SG;35;PHO;4;0;29.;02.;7;0.321;01.;04.;0.412;0.5;02.;0.182;0.446;01.;2;0.875;0.3;01.;01.;01.;01.;0.5;1;01.;8
61;A.J. Green;SG;24;MIL;6;0;11.;1;02.;0.375;0.3;01.;0.182;0.7;0.8;0.8;0.438;0.5;0.5;1;0;01.;01.;0.3;0;0;0.2;01.;02.
62;Josh Green;SG;23;DAL;22;0;18.;01.;03.;0.424;1;02.;0.39;0.6;01.;0.5;0.559;0.6;0.9;0.737;1;01.;02.;1;0.8;0.1;0.3;01.;5
63;Rui Hachimura;PF;25;LAL;5;5;30.;3;07.;0.395;1;02.;0.357;2;04.;0.417;0.461;0.8;01.;0.5;01.;02.;03.;0.8;0;0;0.4;01.;07.
64;Tyrese Haliburton;PG;23;IND;15;15;34.8;7;14.;0.488;03.;09.;0.379;03.;5;0.693;0.612;01.;01.;0.85;0.8;4;04.;08.;01.;0.7;02.;0.9;18.
65;Tim Hardaway Jr.;SF;31;DAL;14;0;12.;01.;04.;0.379;0.9;02.;0.351;0.6;01.;0.429;0.491;0.3;0.6;0.5;0.1;01.;01.;0.4;0.4;0.1;0.1;0.7;04.
66;James Harden;PG;34;LAC;6;6;40.3;06.;14.;0.449;3;07.;0.383;03.;7;0.524;0.551;04.;05.;0.906;0.5;4;04.;8;1;1;02.;02.;21.
67;Jaden Hardy;SG;21;DAL;19;0;06.;01.;03.;0.426;0.6;01.;0.407;0.9;02.;0.439;0.507;0.6;0.8;0.733;0.1;0.7;0.8;0.9;0.2;0;0.4;0.7;04.
68;Gary Harris;SG;29;ORL;6;6;26.;01.;04.;0.286;01.;03.;0.318;0.2;1;0.167;0.411;0.3;0.3;1;0.8;01.;2;0.7;01.;0.5;0.3;3;04.
69;Tobias Harris;PF;31;PHI;6;6;36.3;03.;08.;0.431;1;3;0.333;02.;05.;0.485;0.49;0.7;0.7;1;01.;05.;07.;01.;0.2;0.5;0.5;01.;9
70;Josh Hart;SF;28;NYK;13;13;42.2;05.;11.;0.44;01.;04.;0.373;03.;7;0.484;0.513;02.;03.;0.729;02.;08.;11.;04.;1;0.8;02.;03.;14.
71;Isaiah Hartenstein;C;25;NYK;13;13;29.;03.;05.;0.592;0.1;0.2;0.5;03.;05.;0.595;0.599;01.;01.;0.864;03.;04.;07.;03.;0.3;0.9;01.;03.;08.
72;Sam Hauser;SF;26;BOS;19;0;14.;01.;04.;0.429;01.;03.;0.38;0.5;0.7;0.692;0.589;0.2;0.2;1;0.4;01.;02.;0.6;0.3;0.2;0.2;01.;05.
73;Jordan Hawkins;SG;21;NOP;3;0;4;0;01.;0;0;1;0;0;0.3;0;0;0;0;0;0;0.7;0.7;0;0;0;0;0.3;0
74;Jaxson Hayes;C;23;LAL;4;0;6;0;0.5;0;0;0;0;0;0.5;0;0;0.3;0.5;0.5;0.8;02.;3;0.3;0;0;0.5;01.;0.3
75;Gordon Hayward;SF;33;OKC;7;0;06.;0;0.4;0;0;0;0;0;0.4;0;0;0;0;0;0.1;01.;01.;0.4;0.1;0.1;0;0.3;0
76;Tyler Herro;SG;24;MIA;5;5;37;6;15.;0.385;3;08.;0.349;3;7;0.429;0.481;01.;2;0.9;0;03.;03.;05.;0.4;0;02.;2;16.
77;Buddy Hield;SG;31;PHI;4;0;12.;01.;04.;0.412;01.;03.;0.462;0.3;1;0.25;0.588;0.5;0.5;1;0.5;0.8;01.;0.5;0;0.3;0.5;1;05.
78;Haywood Highsmith;PF;27;MIA;5;0;25.;2;05.;0.357;0.6;03.;0.188;01.;02.;0.583;0.411;0.2;0.2;1;0.4;02.;02.;01.;0.2;0.2;0.8;02.;04.
79;Jrue Holiday;PG;33;BOS;19;19;37.9;05.;10.;0.503;01.;04.;0.402;03.;05.;0.585;0.593;01.;01.;0.955;01.;04.;06.;04.;01.;0.6;01.;02.;13.
80;Justin Holiday;SG;34;DEN;12;0;12.;0.9;02.;0.314;0.9;02.;0.379;0;0.5;0;0.471;0.2;0.3;0.5;0.1;01.;01.;0.3;0.5;0;0.3;01.;02.
81;Chet Holmgren;C;21;OKC;10;10;34.5;05.;11.;0.496;01.;5;0.26;04.;06.;0.667;0.55;02.;03.;0.758;01.;05.;07.;02.;0.7;02.;01.;02.;15.
82;Al Horford;C;37;BOS;19;15;30.;03.;07.;0.478;01.;5;0.368;01.;02.;0.721;0.605;0.4;0.6;0.636;01.;05.;7;02.;0.8;0.8;0.6;01.;09.
83;Caleb Houstan;SF;21;ORL;3;0;04.;0.3;0.7;0.5;0.3;0.7;0.5;0;0;0;0.75;0;0;0;0.3;0.3;0.7;0;0;0;0;0;1
84;Jett Howard;SF;20;ORL;2;0;5;1;01.;0.667;0.5;0.5;1;0.5;1;0.5;0.833;0;0;0;0;0.5;0.5;0.5;0;0;1;0.5;02.
85;Bones Hyland;PG;23;LAC;3;0;4;1;02.;0.429;0.3;01.;0.2;0.7;0.7;1;0.5;01.;01.;1;0;0.7;0.7;01.;0;0;0.3;0;03.
86;Joe Ingles;SF;36;ORL;7;0;09.;0.6;01.;0.333;0.3;1;0.286;0.3;0.7;0.4;0.417;0.1;0.3;0.5;0.3;01.;01.;01.;0.4;0;0;0.4;01.
87;Brandon Ingram;SF;26;NOP;4;4;36.3;04.;13.;0.345;0.5;2;0.25;04.;11.;0.362;0.364;04.;04.;0.895;0.3;04.;04.;03.;1;01.;02.;2;14.
88;Kyrie Irving;SG;31;DAL;22;22;40;08.;18.;0.467;02.;06.;0.39;6;11.;0.508;0.534;02.;03.;0.849;1;02.;03.;05.;1;0.3;02.;02.;22.
89;Jonathan Isaac;PF;26;ORL;7;3;21;02.;05.;0.41;01.;03.;0.37;0.9;01.;0.5;0.538;0.3;0.3;1;01.;03.;04.;0.4;0.7;01.;0.6;1;06.
90;Andre Jackson Jr.;SG;22;MIL;5;0;12;1;02.;0.455;0.4;01.;0.333;0.6;1;0.6;0.545;0;0;0;1;01.;02.;2;1;0.2;0.6;2;02.
91;Isaiah Jackson;C;22;IND;15;0;10.;01.;02.;0.535;0;0;0;01.;02.;0.535;0.535;0.7;01.;0.611;01.;01.;03.;0.5;0.2;0.9;0.3;01.;03.
92;Reggie Jackson;PG;33;DEN;12;0;09.;01.;4;0.333;0.7;01.;0.348;0.7;02.;0.32;0.417;0.2;0.2;1;0.2;01.;01.;1;0.2;0.1;0.7;1;03.
93;LeBron James;PF;39;LAL;5;5;40.8;11.;19.;0.566;2;05.;0.385;09.;14.;0.63;0.616;03.;04.;0.739;0.8;6;06.;08.;02.;1;03.;02.;27.
94;Jaime Jaquez Jr.;SF;22;MIA;4;4;30.;05.;13;0.404;0.8;03.;0.231;04.;09.;0.462;0.433;01.;01.;0.857;0.5;02.;03.;3;0.8;0.5;01.;01.;12.
95;DaQuan Jeffries;SG;26;NYK;4;0;5;0.8;2;0.375;0.5;01.;0.4;0.3;0.8;0.333;0.5;0;0;0;0.3;0.8;1;0;0.3;0;0;0.5;2
96;Isaiah Joe;SG;24;OKC;10;2;17.;02.;05.;0.444;01.;03.;0.41;0.8;01.;0.533;0.593;0;0;0;0.4;01.;02.;1;0.5;0;0.5;1;06.
97;James Johnson;PF;36;IND;1;0;1;0;0;0;0;0;0;0;0;0;0;1;2;0.5;0;0;0;0;0;0;1;0;1
98;Nikola Joki?;C;28;DEN;12;12;40.2;11.;20.;0.545;01.;04.;0.264;09.;15.;0.623;0.574;05.;05.;0.901;03.;09.;13.;08.;01.;0.7;03.;02.;28.
99;Damian Jones;C;28;CLE;2;0;04.;0;0;0;0;0;0;0;0;0;0;0;0;0;0.5;0.5;1;1;0;0.5;1;0;0
100;Derrick Jones Jr.;SF;26;DAL;22;22;29.;03.;07.;0.481;01.;3;0.369;02.;04.;0.558;0.556;1;01.;0.733;01.;2;03.;01.;0.5;1;0.8;02.;09.
101;Herbert Jones;SF;25;NOP;4;4;35.3;4;10.;0.39;2;6;0.333;2;04.;0.471;0.488;3;3;1;01.;03.;5;02.;01.;0.3;02.;03.;13
102;DeAndre Jordan;C;35;DEN;2;0;06.;0.5;1;0.5;0;0;0;0.5;1;0.5;0.5;1;1;1;0.5;1;01.;0;0.5;0.5;0;2;2
103;Nikola Jovi?;PF;20;MIA;5;5;25.;03.;07.;0.444;01.;04.;0.409;01.;02.;0.5;0.569;01.;01.;0.857;0.4;06.;06.;02.;1;0.6;01.;01.;09.
104;Maxi Kleber;C;32;DAL;13;0;16.;01.;3;0.41;0.9;02.;0.429;0.3;0.8;0.364;0.564;0.3;0.5;0.667;0.3;01.;01.;1;0.2;0.3;0.4;01.;03.
105;Luke Kornet;C;28;BOS;13;0;10.;01.;01.;0.667;0;0;0;01.;01.;0.667;0.667;0.8;1;0.846;01.;01.;03.;0.5;0.1;0.4;0.5;0.8;3
106;A.J. Lawson;SG;23;DAL;10;0;3;0.4;0.9;0.444;0.2;0.6;0.333;0.2;0.3;0.667;0.556;0.1;0.2;0.5;0.1;0.2;0.3;0;0;0.1;0;0.1;01.
107;Kawhi Leonard;SF;32;LAC;2;2;29.;05.;12;0.458;0;02.;0;05.;09.;0.579;0.458;1;01.;0.667;01.;06.;8;2;2;0.5;2;01.;12
108;Caris LeVert;SG;29;CLE;11;1;25.;4;09.;0.431;0.5;3;0.182;03.;06.;0.551;0.461;01.;02.;0.654;0.7;02.;03.;02.;0.8;0.5;01.;01.;10.
109;E.J. Liddell;PF;23;NOP;1;0;3;0;0;0;0;0;0;0;0;0;0;0;0;0;0;1;1;0;0;0;0;0;0
110;Damian Lillard;PG;33;MIL;4;4;39;08.;20.;0.42;5;12;0.417;03.;08.;0.424;0.543;09.;09.;0.974;0.5;02.;03.;5;1;0;02.;2;31.
111;Nassir Little;SF;23;PHO;4;0;03.;0.8;01.;0.6;0.3;0.8;0.333;0.5;0.5;1;0.7;0;0;0;0;0.3;0.3;0;0;0;0;0.5;01.
112;Dereck Lively II;C;19;DAL;21;0;22;3;04.;0.674;0;0;1;3;04.;0.67;0.679;01.;02.;0.59;02.;04.;07.;01.;0.4;1;1;02.;07.
113;Chris Livingston;SF;20;MIL;2;0;3;0.5;0.5;1;0;0;0;0.5;0.5;1;1;0;01.;0;0;0;0;0;0;0;0;0;1
114;Brook Lopez;C;35;MIL;6;6;33.3;07.;12.;0.587;01.;03.;0.435;05.;08.;0.654;0.653;01.;02.;0.533;01.;02.;04.;01.;0;01.;01.;01.;17.
115;Kevin Love;PF;35;MIA;5;0;06.;0.8;01.;0.444;0.2;0.8;0.25;0.6;1;0.6;0.5;0;0;0;0.2;02.;02.;0.8;0;0;0.4;0.4;01.
116;Kyle Lowry;PG;37;PHI;6;6;29.;01.;05.;0.344;01.;4;0.333;0.5;01.;0.375;0.469;2;02.;0.8;1;02.;03.;4;1;0.7;0.7;03.;7
117;Terance Mann;SG;27;LAC;6;6;31.2;03.;07.;0.413;01.;03.;0.455;01.;4;0.375;0.522;01.;01.;1;02.;02.;5;01.;0;0;0.8;03.;09.
118;Naji Marshall;SF;26;NOP;4;0;21;3;7;0.429;01.;03.;0.4;01.;03.;0.462;0.536;01.;01.;1;0.8;2;02.;01.;0.5;0.5;0.5;02.;9
119;Caleb Martin;SF;28;MIA;5;5;35.2;04.;9;0.467;02.;5;0.44;2;4;0.5;0.589;1;1;1;1;02.;03.;01.;0.6;0;0.6;02.;11.
120;Tyrese Maxey;PG;23;PHI;6;6;44.5;11;23;0.478;03.;09.;0.4;07.;13.;0.53;0.558;04.;04.;0.893;0.2;5;05.;06.;0.8;0.3;02.;02.;29.
121;Miles McBride;PG;23;NYK;13;2;26.;04.;09.;0.435;01.;05.;0.368;02.;04.;0.518;0.536;0.8;0.9;0.833;0.5;01.;02.;01.;0.5;0.2;0.8;02.;11
122;CJ McCollum;PG;32;NOP;4;4;37;07.;18.;0.419;01.;07.;0.241;6;11.;0.533;0.466;0.5;0.5;1;0.5;04.;04.;04.;01.;0.8;4;03.;17.
123;T.J. McConnell;PG;31;IND;17;0;20.;05.;10.;0.486;0.4;01.;0.269;04.;09.;0.522;0.505;0.8;0.9;0.867;0.6;02.;03.;05.;0.9;0.1;01.;01.;11.
124;Jaden McDaniels;SF;23;MIN;16;16;33.6;04.;08.;0.514;01.;03.;0.429;3;05.;0.571;0.6;01.;02.;0.771;01.;02.;03.;01.;0.9;01.;01.;03.;12.
125;Doug McDermott;SF;32;IND;10;0;06.;0.5;01.;0.455;0.3;0.8;0.375;0.2;0.3;0.667;0.591;0;0;0;0.2;0.1;0.3;0.7;0;0.2;0.1;0.5;01.
126;Jordan McLaughlin;PG;27;MIN;6;0;5;0.3;01.;0.222;0;0.8;0;0.3;0.7;0.5;0.222;0;0.3;0;0;0.7;0.7;0.3;0;0;0.3;0.2;0.7
127;De'Anthony Melton;SG;25;PHI;1;0;7;0;2;0;0;2;0;0;0;0;0;0;0;0;0;1;1;1;0;0;0;1;0
128;Sam Merrill;SG;27;CLE;10;0;12.;1;02.;0.345;1;02.;0.37;0;0.2;0;0.517;0.3;0.3;1;0.2;1;01.;0.9;0;0;0;0.9;03.
129;Khris Middleton;SF;32;MIL;6;6;38.3;09.;19;0.482;01.;05.;0.355;07.;13.;0.53;0.531;04.;5;0.9;2;07.;09.;04.;0.5;0.2;02.;04.;24.
130;Leonard Miller;SF;20;MIN;3;0;02.;0;0.3;0;0;0.3;0;0;0;0;0;0;0;0;0.3;1;01.;0;0;0;0;0;0
131;Patty Mills;PG;35;MIA;3;0;17.;2;05.;0.353;1;03.;0.273;1;2;0.5;0.441;1;01.;0.75;0.3;0;0.3;1;0.3;0;0.3;0.7;6
132;Shake Milton;SG;27;NYK;4;0;05.;0;01.;0;0;0.5;0;0;1;0;0;01.;01.;0.833;0;0.3;0.3;0.5;0.3;0;0;0;01.
133;Josh Minott;SF;21;MIN;5;0;03.;0.4;01.;0.222;0.4;1;0.4;0;0.8;0;0.333;0;0;0;0.2;0.8;1;0.6;0;0;0;0.4;01.
134;Donovan Mitchell;SG;27;CLE;10;10;38.2;10.;22.;0.476;02.;08.;0.354;07.;14.;0.545;0.54;05.;06.;0.815;0.6;04.;05.;04.;01.;0.3;02.;02.;29.
135;Evan Mobley;PF;22;CLE;12;12;35.2;06.;12.;0.555;0.4;01.;0.278;06.;10.;0.594;0.572;02.;3;0.694;02.;06.;09.;02.;0.8;02.;01.;02.;16
136;Wendell Moore Jr.;SG;22;MIN;6;0;3;0.5;01.;0.429;0.2;0.7;0.25;0.3;0.5;0.667;0.5;0;0;0;0;0.3;0.3;0.3;0.2;0;0.2;0.5;01.
137;Marcus Morris;PF;34;CLE;9;1;15.;02.;05.;0.458;1;02.;0.391;01.;02.;0.52;0.552;0.2;0.3;0.667;0.2;02.;02.;0.3;0.4;0;0.3;0.9;06.
138;Markieff Morris;PF;34;DAL;1;0;12;1;5;0.2;1;3;0.333;0;2;0;0.3;0;0;0;0;4;4;0;0;0;1;1;3
139;Monte Morris;PG;28;MIN;9;0;07.;1;03.;0.3;0.1;01.;0.071;0.9;01.;0.5;0.317;0.2;0.2;1;0.1;0.6;0.7;1;0.2;0.1;0;0.7;02.
140;Trey Murphy III;SF;23;NOP;4;4;42;04.;12;0.375;02.;07.;0.333;2;04.;0.444;0.479;0;0;0;0.8;05.;06.;02.;01.;01.;2;3;11.
141;Jamal Murray;PG;26;DEN;12;12;38.5;08.;20.;0.402;01.;06.;0.315;06.;14.;0.438;0.448;2;02.;0.923;0.8;03.;04.;05.;0.8;0.5;02.;02.;20.
142;Svi Mykhailiuk;SF;26;BOS;8;0;4;0.4;01.;0.25;0.3;01.;0.222;0.1;0.4;0.333;0.333;0;0;0;0.1;0.5;0.6;0.1;0.1;0;0.3;0.4;1
143;Larry Nance Jr.;C;31;NOP;4;0;21;02.;04.;0.588;0.3;1;0.25;02.;03.;0.692;0.618;1;01.;0.667;03.;04.;08.;01.;0.5;0;01.;02.;06.
144;Andrew Nembhard;PG;24;IND;17;17;32.6;6;10.;0.56;01.;03.;0.483;04.;07.;0.598;0.64;01.;01.;0.769;0.8;02.;03.;05.;0.4;0.2;01.;03.;14.
145;Aaron Nesmith;SF;24;IND;17;17;32.9;03.;08.;0.433;01.;04.;0.278;02.;03.;0.629;0.511;2;02.;0.919;01.;03.;04.;02.;0.6;0.5;01.;03.;10.
146;Georges Niang;PF;30;CLE;10;0;12.;0.9;04.;0.22;0.3;02.;0.13;0.6;01.;0.333;0.256;0.7;0.8;0.875;0.3;0.9;01.;0.4;0.4;0.2;0.7;01.;02.
147;Zeke Nnaji;PF;23;DEN;3;0;04.;0.7;1;0.667;0;0;0;0.7;1;0.667;0.667;0.3;0.7;0.5;0.7;0;0.7;0;0;0.3;0.7;0.3;01.
148;Jusuf Nurki?;C;29;PHO;4;4;26;03.;06.;0.5;0;0.5;0;03.;6;0.542;0.5;01.;02.;0.455;03.;5;08.;02.;01.;01.;01.;03.;07.
149;Royce O'Neale;SF;30;PHO;4;2;26;01.;05.;0.318;01.;04.;0.333;0.3;1;0.25;0.455;0;0;0;01.;03.;04.;1;0.3;0;0.5;02.;5
150;Chuma Okeke;SF;25;ORL;2;0;5;1;01.;0.667;0.5;1;0.5;0.5;0.5;1;0.833;0.5;0.5;1;0;0;0;0.5;0;0;0;0;3
151;Josh Okogie;SG;25;PHO;4;0;07.;01.;02.;0.556;0.3;0.8;0.333;1;01.;0.667;0.611;0.8;01.;0.5;0;1;1;0.5;0.5;0;0.5;01.;03.
152;Isaac Okoro;SF;23;CLE;12;7;21.;02.;05.;0.357;0.8;02.;0.257;01.;02.;0.457;0.421;0.6;0.8;0.778;0.4;01.;01.;01.;0.9;0.3;0.9;02.;05.
153;Kelly Oubre Jr.;SF;28;PHI;6;6;37.3;05.;10.;0.484;01.;03.;0.391;03.;06.;0.537;0.555;01.;01.;0.727;01.;02.;4;01.;01.;01.;01.;4;13.
154;Cameron Payne;PG;29;PHI;5;0;12.;2;5;0.4;01.;03.;0.444;0.4;01.;0.286;0.56;0;0;0;0;01.;01.;01.;0.2;0.8;0.6;2;05.
155;Jalen Pickett;SG;24;DEN;3;0;03.;0.7;1;0.667;0;0.3;0;0.7;0.7;1;0.667;0;0;0;0;0.3;0.3;0.3;0;0.3;0;0.3;01.
156;Mason Plumlee;C;33;LAC;6;0;11;01.;3;0.389;0;0;0;01.;3;0.389;0.389;0.8;01.;0.625;01.;02.;03.;0.7;0.5;0.3;0.3;02.;03.
157;Michael Porter Jr.;SF;25;DEN;12;12;36.9;05.;12.;0.466;02.;06.;0.407;02.;05.;0.538;0.579;01.;02.;0.769;0.7;06.;06.;01.;0.9;0.8;01.;02.;15.
158;Bobby Portis;PF;28;MIL;6;6;31.2;07.;15.;0.484;0.5;2;0.25;06.;13.;0.519;0.5;01.;02.;0.615;02.;08.;11.;1;0.5;0.2;01.;02.;16.
159;Kristaps Porzi??is;C;28;BOS;7;4;23.;4;08.;0.467;01.;04.;0.345;02.;04.;0.581;0.55;02.;03.;0.909;0.6;03.;04.;01.;0.7;01.;0.7;02.;12.
160;Dwight Powell;C;32;DAL;13;0;03.;0.1;0.2;0.333;0;0;0;0.1;0.2;0.333;0.333;0.3;0.5;0.667;0.2;0.7;0.9;0.2;0.1;0;0.2;0.7;0.5
161;Norman Powell;SG;30;LAC;6;0;29.;04.;10.;0.426;02.;04.;0.448;02.;05.;0.406;0.533;2;02.;0.8;0.5;02.;02.;0.3;0.5;0;01.;03.;12.
162;Taurean Prince;PF;29;LAL;5;0;22.;02.;05.;0.414;1;03.;0.294;01.;02.;0.583;0.5;01.;01.;1;0.2;02.;02.;0.6;0.2;0.4;0.2;01.;07.
163;Payton Pritchard;PG;26;BOS;19;0;18.;02.;05.;0.419;01.;03.;0.383;01.;02.;0.467;0.529;0.6;0.6;0.917;0.7;01.;01.;02.;0.2;0;0.7;01.;06.
164;Olivier-Maxence Prosper;PF;21;DAL;3;0;3;0;0.7;0;0;0;0;0;0.7;0;0;0;0;0;0;1;1;0.3;0;0;0;0;0
165;Neemias Queta;C;24;BOS;3;0;04.;0.7;1;0.667;0;0;0;0.7;1;0.667;0.667;0;0;0;0.3;0.7;1;0;0;0.3;0;0;01.
166;Austin Reaves;SG;25;LAL;5;5;34.8;6;12.;0.476;01.;05.;0.269;04.;07.;0.622;0.532;03.;03.;0.895;1;02.;03.;03.;01.;0.6;0.8;01.;16.
167;Paul Reed;C;24;PHI;6;0;07.;0.7;01.;0.444;0;0;0;0.7;01.;0.444;0.444;0.2;0.3;0.5;01.;01.;02.;0.3;0.2;0.5;0.5;01.;01.
168;Naz Reid;C;24;MIN;16;0;22.;04.;08.;0.458;01.;04.;0.362;02.;04.;0.548;0.546;01.;01.;0.71;0.6;03.;03.;1;0.5;0.8;0.9;2;11.
169;Duncan Robinson;SF;29;MIA;5;0;12;1;03.;0.313;0.6;02.;0.231;0.4;0.6;0.667;0.406;0;0;0;0;1;1;01.;0.4;0;1;01.;02.
170;Mitchell Robinson;C;25;NYK;6;0;19.;01.;02.;0.5;0;0;0;01.;02.;0.5;0.5;0.5;01.;0.375;03.;3;06.;0.5;1;01.;0.5;02.;02.
171;Orlando Robinson;C;23;MIA;1;0;2;0;1;0;0;1;0;0;0;0;0;0;0;0;0;1;1;1;0;0;0;0;0
172;Jeremiah Robinson-Earl;PF;23;NOP;1;0;5;1;2;0.5;0;0;0;1;2;0.5;0.5;0;2;0;1;0;1;1;0;0;0;0;2
173;David Roddy;PF;22;PHO;2;0;01.;0;0;0;0;0;0;0;0;0;0;0;0;0;0;0;0;0;0;0;0;0;0
174;D'Angelo Russell;PG;27;LAL;5;5;37;05.;14.;0.384;02.;08.;0.318;02.;05.;0.483;0.479;0.2;0.4;0.5;0.2;02.;02.;04.;0.8;0.2;01.;01.;14.
175;Matt Ryan;SF;26;NOP;1;0;3;0;1;0;0;1;0;0;0;0;0;0;0;0;0;1;1;0;1;0;1;0;0
176;Ben Sheppard;SG;22;IND;17;2;19.;01.;04.;0.437;01.;02.;0.38;0.7;01.;0.571;0.57;0.4;0.5;0.778;0.6;02.;3;1;0.5;0.1;0.6;01.;05.
177;Pascal Siakam;PF;29;IND;17;17;35.5;09.;17.;0.541;0.8;02.;0.298;08.;14.;0.588;0.566;02.;03.;0.619;02.;05.;07.;03.;0.8;0.4;01.;02.;21.
178;Jericho Sims;C;25;NYK;5;0;05.;0.4;0.4;1;0;0;0;0.4;0.4;1;1;0.6;0.8;0.75;0.6;1;01.;0.2;0.4;0.2;0;0.2;01.
179;Jalen Smith;C;23;IND;7;0;6;0.4;01.;0.375;0.3;0.6;0.5;0.1;0.6;0.25;0.5;0.7;01.;0.625;1;1;2;0.3;0.3;0.1;0.6;01.;01.
180;Jaden Springer;PG;21;BOS;4;0;05.;0.5;0.8;0.667;0;0;0;0.5;0.8;0.667;0.667;0;0;0;0;0.8;0.8;0.3;0;0.3;0.5;0.3;1
181;Julian Strawther;SF;21;DEN;3;0;05.;0.7;2;0.333;0.3;01.;0.25;0.3;0.7;0.5;0.417;0.7;01.;0.5;0;0.7;0.7;0;0.3;0;0.3;1;02.
182;Max Strus;SF;27;CLE;12;12;36.2;03.;08.;0.408;02.;6;0.347;01.;02.;0.548;0.529;0.4;0.4;1;0.7;04.;05.;02.;0.8;0;01.;03.;09.
183;Jalen Suggs;SG;22;ORL;7;7;33.1;04.;11.;0.402;2;06.;0.292;02.;04.;0.559;0.488;03.;04.;0.767;01.;03.;05.;03.;01.;0.4;02.;02.;14.
184;Jayson Tatum;PF;25;BOS;19;19;40.4;08.;19.;0.427;02.;07.;0.283;06.;12.;0.513;0.48;06.;07.;0.861;0.9;08.;09.;06.;01.;0.7;02.;02.;25
185;Daniel Theis;C;31;LAC;1;0;4;1;1;1;1;1;1;0;0;0;01.;0;0;0;0;1;1;0;0;0;0;0;3
186;Isaiah Thomas;PG;34;PHO;1;0;4;0;2;0;0;1;0;0;1;0;0;0;0;0;0;0;0;0;0;0;1;0;0
187;Tristan Thompson;C;32;CLE;10;0;08.;0.7;01.;0.438;0;0;0;0.7;01.;0.438;0.438;0.1;0.2;0.5;1;1;2;1;0.1;0.5;0.2;0.9;01.
188;Xavier Tillman Sr.;PF;25;BOS;8;0;08.;0.6;1;0.625;0.1;0.1;1;0.5;0.9;0.571;0.688;0.1;0.1;1;0.5;01.;01.;0.4;0.4;0.4;0.4;0.9;01.
189;Obi Toppin;PF;25;IND;17;0;20.;04.;07.;0.541;01.;03.;0.357;03.;04.;0.671;0.615;01.;01.;0.76;0.6;03.;04.;01.;0.4;0.4;0.8;01.;10.
190;Karl-Anthony Towns;PF;28;MIN;16;16;32.6;06.;14.;0.466;01.;05.;0.361;04.;09.;0.523;0.53;03.;04.;0.855;02.;06.;9;02.;0.8;0.2;01.;03.;19.
191;P.J. Tucker;PF;38;LAC;2;1;15.;2;3;0.667;01.;2;0.75;0.5;1;0.5;0.917;0;0;0;01.;0;01.;0;0;0;01.;3;05.
192;Myles Turner;C;27;IND;17;17;32.4;06.;12.;0.517;02.;05.;0.453;03.;7;0.563;0.612;02.;02.;0.76;01.;05.;06.;02.;0.5;01.;01.;02.;17
193;Hunter Tyson;PF;23;DEN;3;0;04.;0;01.;0;0;1;0;0;0.3;0;0;0.3;0.7;0.5;0.3;0.7;1;0.3;0;0;0.3;0;0.3
194;Jonas Valan?i?nas;C;31;NOP;4;4;22.;05.;10.;0.524;0;0.3;0;05.;10.;0.537;0.524;03.;04.;0.824;04.;06.;11;01.;0.5;0;02.;02.;14.
195;Gabe Vincent;PG;27;LAL;5;0;13.;0.6;02.;0.25;0.2;01.;0.143;0.4;1;0.4;0.292;0;0;0;0.2;01.;01.;0.6;0.4;0;0.6;01.;01.
196;Dean Wade;PF;27;CLE;3;1;21;01.;04.;0.308;1;03.;0.3;0.3;1;0.333;0.423;0;0;0;0.3;01.;2;01.;0.3;0.7;0.7;01.;03.
197;Franz Wagner;SF;22;ORL;7;7;37;6;14.;0.408;01.;04.;0.265;04.;09.;0.478;0.451;05.;06.;0.886;01.;05.;06.;04.;0.7;01.;01.;02.;18.
198;Moritz Wagner;C;26;ORL;7;0;15;02.;05.;0.444;0.3;01.;0.222;2;03.;0.519;0.472;01.;02.;0.588;01.;02.;04.;0.3;0.9;0.4;01.;3;06.
199;Jarace Walker;PF;20;IND;9;0;03.;0.3;01.;0.3;0;0.3;0;0.3;0.8;0.429;0.3;0.2;0.3;0.667;0.1;0.3;0.4;0.4;0.2;0.1;0.7;0.2;0.9
200;Cason Wallace;SG;20;OKC;10;0;19.;01.;04.;0.39;0.9;02.;0.321;0.7;01.;0.538;0.5;0.1;0.2;0.5;0.7;0.6;01.;1;0.9;0.2;0.4;01.;04.
201;Jordan Walsh;SF;19;BOS;3;0;03.;0.3;1;0.333;0;0.3;0;0.3;0.7;0.5;0.333;0;0;0;0;0.7;0.7;0;0;0;0;0;0.7
202;T.J. Warren;SF;30;MIN;3;0;03.;0;0.7;0;0;0.3;0;0;0.3;0;0;0;0;0;0.7;0.3;1;0.3;0;0;0;0;0
203;P.J. Washington;PF;25;DAL;22;22;35.7;04.;10.;0.427;02.;06.;0.348;02.;04.;0.535;0.528;01.;02.;0.709;01.;05.;06.;01.;0.7;0.8;01.;3;13
204;Lindy Waters III;SG;26;OKC;3;0;3;0;0.3;0;0;0.3;0;0;0;0;0;0;0;0;0;0.3;0.3;0;0;0;0;0;0
205;Peyton Watson;SF;21;DEN;10;0;9;0.6;02.;0.25;0.3;01.;0.25;0.3;01.;0.25;0.313;0.3;0.6;0.5;0.2;01.;01.;0.4;0;0.6;0.3;0.9;01.
206;Russell Westbrook;PG;35;LAC;6;0;19;02.;08.;0.26;0.7;02.;0.235;01.;05.;0.273;0.3;01.;02.;0.615;1;03.;04.;01.;01.;0.5;01.;01.;06.
207;Derrick White;SG;29;BOS;19;19;35.6;05.;12.;0.452;03.;08.;0.404;02.;04.;0.55;0.587;01.;2;0.921;1;03.;04.;04.;0.9;01.;0.8;02.;16.
208;Aaron Wiggins;SG;25;OKC;10;0;15.;02.;04.;0.489;0.6;2;0.3;01.;02.;0.63;0.553;1;01.;0.909;0.9;02.;03.;1;0.6;0.3;0.9;0.8;06.
209;Jalen Williams;PF;22;OKC;10;10;37.7;07.;16;0.469;01.;03.;0.385;6;12.;0.496;0.516;02.;02.;0.815;01.;05.;06.;05.;01.;0.5;01.;02.;18.
210;Jaylin Williams;C;21;OKC;10;0;12.;01.;03.;0.485;0.9;02.;0.409;0.7;01.;0.636;0.621;0.3;0.4;0.75;0.4;02.;03.;01.;0.4;0.3;0.3;01.;04.
211;Kenrich Williams;PF;29;OKC;7;0;04.;0.3;01.;0.25;0;0.7;0;0.3;0.4;0.667;0.25;0;0;0;0.1;1;01.;0.4;0.1;0;0;0.4;0.6
212;Delon Wright;PG;31;MIA;4;1;26.;3;5;0.6;01.;02.;0.6;01.;02.;0.6;0.75;0.5;0.5;1;0.5;02.;3;01.;1;0.3;0;01.;8
213;Thaddeus Young;PF;35;PHO;1;0;4;0;0;0;0;0;0;0;0;0;0;0;0;0;0;0;0;0;0;0;0;0;0
214;Ivica Zubac;C;26;LAC;6;6;32;7;11.;0.6;0;0;0;7;11.;0.6;0.6;02.;03.;0.65;3;06.;09.;1;0.8;0.5;01.;03.;16.
